,test_case,iteration_no,num_vehicles,total_distance,objective
0,X-n101-k25,1,30,35560.0,65560.0
1,X-n106-k14,1,15,32498.0,47498.0
2,X-n110-k13,1,13,16477.0,29477.0
3,X-n115-k10,1,11,16715.0,27715.0
4,X-n120-k6,1,6,16609.0,22609.0
5,X-n125-k30,1,37,71329.0,108329.0
6,X-n129-k18,1,19,38029.0,57029.0
7,X-n134-k13,1,14,15032.0,29032.0
8,X-n139-k10,1,10,15669.0,25669.0
9,X-n143-k7,1,7,19442.0,26442.0
10,X-n148-k46,1,54,56693.0,110693.0
11,X-n153-k22,1,29,28151.0,57151.0
12,X-n157-k13,1,13,18949.0,31949.0
13,X-n162-k11,1,11,15945.0,26945.0
14,X-n167-k10,1,10,26745.0,36745.0
15,X-n172-k51,1,63,60386.0,123386.0
16,X-n176-k26,1,33,69694.0,102694.0
17,X-n181-k23,1,23,29513.0,52513.0
18,X-n186-k15,1,15,29979.0,44979.0
19,X-n190-k8,1,8,19605.0,27605.0
20,X-n195-k51,1,62,59239.0,121239.0
21,X-n200-k36,1,39,69567.0,108567.0
22,X-n204-k19,1,19,23810.0,42810.0
23,X-n209-k16,1,16,37247.0,53247.0
24,X-n214-k11,1,12,14174.0,26174.0
25,X-n219-k73,1,73,145757.0,218757.0
26,X-n223-k34,1,37,49734.0,86734.0
27,X-n228-k23,1,28,34448.0,62448.0
28,X-n233-k16,1,17,23582.0,40582.0
29,X-n237-k14,1,14,33967.0,47967.0
30,X-n242-k48,1,53,112316.0,165316.0
31,X-n247-k50,1,65,53603.0,118603.0
32,X-n251-k28,1,29,46912.0,75912.0
33,X-n256-k16,1,17,22345.0,39345.0
34,X-n261-k13,1,13,33011.0,46011.0
35,X-n266-k58,1,64,106343.0,170343.0
36,X-n270-k35,1,38,41894.0,79894.0
37,X-n275-k28,1,28,25870.0,53870.0
38,X-n280-k17,1,21,49942.0,70942.0
39,X-n284-k15,1,15,26165.0,41165.0
40,X-n289-k60,1,69,140053.0,209053.0
41,X-n294-k50,1,55,58981.0,113981.0
42,X-n298-k31,1,33,43096.0,76096.0
43,X-n303-k21,1,21,25929.0,46929.0
44,X-n308-k13,1,13,33401.0,46401.0
45,X-n313-k71,1,82,118576.0,200576.0
46,X-n317-k53,1,53,96491.0,149491.0
47,X-n322-k28,1,29,36198.0,65198.0
48,X-n327-k20,1,20,35936.0,55936.0
49,X-n331-k15,1,15,38011.0,53011.0
50,X-n336-k84,1,98,204601.0,302601.0
51,X-n344-k43,1,46,50809.0,96809.0
52,X-n351-k40,1,43,33809.0,76809.0
53,X-n359-k29,1,30,67666.0,97666.0
54,X-n367-k17,1,18,30336.0,48336.0
55,X-n376-k94,1,94,188881.0,282881.0
56,X-n384-k52,1,56,89118.0,145118.0
57,X-n393-k38,1,39,46258.0,85258.0
58,X-n401-k29,1,30,77688.0,107688.0
59,X-n101-k25,2,30,34903.0,64903.0
60,X-n106-k14,2,14,30338.0,44338.0
61,X-n110-k13,2,13,17285.0,30285.0
62,X-n115-k10,2,11,16308.0,27308.0
63,X-n120-k6,2,6,16609.0,22609.0
64,X-n125-k30,2,36,69670.0,105670.0
65,X-n129-k18,2,19,37782.0,56782.0
66,X-n134-k13,2,14,14380.0,28380.0
67,X-n139-k10,2,10,15679.0,25679.0
68,X-n143-k7,2,7,19941.0,26941.0
69,X-n148-k46,2,54,56693.0,110693.0
70,X-n153-k22,2,29,28678.0,57678.0
71,X-n157-k13,2,13,18949.0,31949.0
72,X-n162-k11,2,11,16133.0,27133.0
73,X-n167-k10,2,10,26154.0,36154.0
74,X-n172-k51,2,63,59954.0,122954.0
75,X-n176-k26,2,33,69690.0,102690.0
76,X-n181-k23,2,23,29539.0,52539.0
77,X-n186-k15,2,15,29261.0,44261.0
78,X-n190-k8,2,8,20374.0,28374.0
79,X-n195-k51,2,62,59110.0,121110.0
80,X-n200-k36,2,39,69563.0,108563.0
81,X-n204-k19,2,19,23805.0,42805.0
82,X-n209-k16,2,16,37087.0,53087.0
83,X-n214-k11,2,12,14202.0,26202.0
84,X-n219-k73,2,73,145761.0,218761.0
85,X-n223-k34,2,36,49671.0,85671.0
86,X-n228-k23,2,28,34507.0,62507.0
87,X-n233-k16,2,17,23716.0,40716.0
88,X-n237-k14,2,14,34641.0,48641.0
89,X-n242-k48,2,53,110733.0,163733.0
90,X-n247-k50,2,65,53499.0,118499.0
91,X-n251-k28,2,29,46975.0,75975.0
92,X-n256-k16,2,17,22142.0,39142.0
93,X-n261-k13,2,13,33079.0,46079.0
94,X-n266-k58,2,64,107328.0,171328.0
95,X-n270-k35,2,38,41703.0,79703.0
96,X-n275-k28,2,28,25707.0,53707.0
97,X-n280-k17,2,20,48661.0,68661.0
98,X-n284-k15,2,15,26099.0,41099.0
99,X-n289-k60,2,69,140315.0,209315.0
100,X-n294-k50,2,56,59479.0,115479.0
101,X-n298-k31,2,33,43089.0,76089.0
102,X-n303-k21,2,21,25940.0,46940.0
103,X-n308-k13,2,13,33664.0,46664.0
104,X-n313-k71,2,82,118456.0,200456.0
105,X-n317-k53,2,53,95014.0,148014.0
106,X-n322-k28,2,29,35748.0,64748.0
107,X-n327-k20,2,20,35936.0,55936.0
108,X-n331-k15,2,15,38899.0,53899.0
109,X-n336-k84,2,98,204774.0,302774.0
110,X-n344-k43,2,46,50439.0,96439.0
111,X-n351-k40,2,43,33832.0,76832.0
112,X-n359-k29,2,30,67570.0,97570.0
113,X-n367-k17,2,18,30306.0,48306.0
114,X-n376-k94,2,94,189225.0,283225.0
115,X-n384-k52,2,56,87605.0,143605.0
116,X-n393-k38,2,39,46010.0,85010.0
117,X-n401-k29,2,30,77585.0,107585.0
118,X-n101-k25,3,30,35621.0,65621.0
119,X-n106-k14,3,14,30338.0,44338.0
120,X-n110-k13,3,13,17290.0,30290.0
121,X-n115-k10,3,11,16438.0,27438.0
122,X-n120-k6,3,6,16355.0,22355.0
123,X-n125-k30,3,36,70563.0,106563.0
124,X-n129-k18,3,19,38576.0,57576.0
125,X-n134-k13,3,14,14843.0,28843.0
126,X-n139-k10,3,10,15679.0,25679.0
127,X-n143-k7,3,7,20643.0,27643.0
128,X-n148-k46,3,54,57114.0,111114.0
129,X-n153-k22,3,29,27916.0,56916.0
130,X-n157-k13,3,13,18949.0,31949.0
131,X-n162-k11,3,11,15858.0,26858.0
132,X-n167-k10,3,10,26199.0,36199.0
133,X-n172-k51,3,63,60098.0,123098.0
134,X-n176-k26,3,33,69678.0,102678.0
135,X-n181-k23,3,23,29615.0,52615.0
136,X-n186-k15,3,15,29795.0,44795.0
137,X-n190-k8,3,8,20021.0,28021.0
138,X-n195-k51,3,63,60113.0,123113.0
139,X-n200-k36,3,39,69876.0,108876.0
140,X-n204-k19,3,19,23805.0,42805.0
141,X-n209-k16,3,16,37404.0,53404.0
142,X-n214-k11,3,12,14428.0,26428.0
143,X-n219-k73,3,73,144558.0,217558.0
144,X-n223-k34,3,36,48852.0,84852.0
145,X-n228-k23,3,28,34121.0,62121.0
146,X-n233-k16,3,17,24345.0,41345.0
147,X-n237-k14,3,14,33886.0,47886.0
148,X-n242-k48,3,53,113048.0,166048.0
149,X-n247-k50,3,65,53106.0,118106.0
150,X-n251-k28,3,29,47267.0,76267.0
151,X-n256-k16,3,17,22336.0,39336.0
152,X-n261-k13,3,13,34587.0,47587.0
153,X-n266-k58,3,64,106343.0,170343.0
154,X-n270-k35,3,38,42349.0,80349.0
155,X-n275-k28,3,28,25836.0,53836.0
156,X-n280-k17,3,20,48978.0,68978.0
157,X-n284-k15,3,15,26117.0,41117.0
158,X-n289-k60,3,69,139897.0,208897.0
159,X-n294-k50,3,55,58981.0,113981.0
160,X-n298-k31,3,33,43246.0,76246.0
161,X-n303-k21,3,21,25940.0,46940.0
162,X-n308-k13,3,13,33324.0,46324.0
163,X-n313-k71,3,82,118534.0,200534.0
164,X-n317-k53,3,53,95189.0,148189.0
165,X-n322-k28,3,29,36190.0,65190.0
166,X-n327-k20,3,20,36500.0,56500.0
167,X-n331-k15,3,15,37616.0,52616.0
168,X-n336-k84,3,98,205067.0,303067.0
169,X-n344-k43,3,45,50329.0,95329.0
170,X-n351-k40,3,43,33795.0,76795.0
171,X-n359-k29,3,30,67570.0,97570.0
172,X-n367-k17,3,18,30143.0,48143.0
173,X-n376-k94,3,94,189093.0,283093.0
174,X-n384-k52,3,56,87811.0,143811.0
175,X-n393-k38,3,39,46201.0,85201.0
176,X-n401-k29,3,30,77585.0,107585.0
177,X-n101-k25,4,30,35470.0,65470.0
178,X-n106-k14,4,14,30338.0,44338.0
179,X-n110-k13,4,13,16748.0,29748.0
180,X-n115-k10,4,11,16687.0,27687.0
181,X-n120-k6,4,6,16505.0,22505.0
182,X-n125-k30,4,37,70761.0,107761.0
183,X-n129-k18,4,19,38629.0,57629.0
184,X-n134-k13,4,14,14380.0,28380.0
185,X-n139-k10,4,10,15679.0,25679.0
186,X-n143-k7,4,7,19131.0,26131.0
187,X-n148-k46,4,54,56516.0,110516.0
188,X-n153-k22,4,30,29136.0,59136.0
189,X-n157-k13,4,13,18949.0,31949.0
190,X-n162-k11,4,11,16589.0,27589.0
191,X-n167-k10,4,10,26199.0,36199.0
192,X-n172-k51,4,64,59727.0,123727.0
193,X-n176-k26,4,33,69683.0,102683.0
194,X-n181-k23,4,23,29892.0,52892.0
195,X-n186-k15,4,15,29867.0,44867.0
196,X-n190-k8,4,8,19605.0,27605.0
197,X-n195-k51,4,62,58688.0,120688.0
198,X-n200-k36,4,39,69501.0,108501.0
199,X-n204-k19,4,19,24607.0,43607.0
200,X-n209-k16,4,16,37219.0,53219.0
201,X-n214-k11,4,12,14335.0,26335.0
202,X-n219-k73,4,73,144745.0,217745.0
203,X-n223-k34,4,36,48878.0,84878.0
204,X-n228-k23,4,28,34387.0,62387.0
205,X-n233-k16,4,17,23748.0,40748.0
206,X-n237-k14,4,14,33593.0,47593.0
207,X-n242-k48,4,53,111819.0,164819.0
208,X-n247-k50,4,65,53583.0,118583.0
209,X-n251-k28,4,29,46926.0,75926.0
210,X-n256-k16,4,17,22503.0,39503.0
211,X-n261-k13,4,13,34196.0,47196.0
212,X-n266-k58,4,64,107800.0,171800.0
213,X-n270-k35,4,38,42752.0,80752.0
214,X-n275-k28,4,28,25985.0,53985.0
215,X-n280-k17,4,20,48983.0,68983.0
216,X-n284-k15,4,15,26050.0,41050.0
217,X-n289-k60,4,69,140785.0,209785.0
218,X-n294-k50,4,55,59046.0,114046.0
219,X-n298-k31,4,33,43805.0,76805.0
220,X-n303-k21,4,21,25946.0,46946.0
221,X-n308-k13,4,14,34908.0,48908.0
222,X-n313-k71,4,82,118756.0,200756.0
223,X-n317-k53,4,53,95100.0,148100.0
224,X-n322-k28,4,29,36122.0,65122.0
225,X-n327-k20,4,20,35463.0,55463.0
226,X-n331-k15,4,15,37268.0,52268.0
227,X-n336-k84,4,99,202744.0,301744.0
228,X-n344-k43,4,45,50329.0,95329.0
229,X-n351-k40,4,43,33844.0,76844.0
230,X-n359-k29,4,30,67567.0,97567.0
231,X-n367-k17,4,18,30400.0,48400.0
232,X-n376-k94,4,94,188775.0,282775.0
233,X-n384-k52,4,56,87729.0,143729.0
234,X-n393-k38,4,39,46040.0,85040.0
235,X-n401-k29,4,30,77823.0,107823.0
236,X-n101-k25,5,30,35413.0,65413.0
237,X-n106-k14,5,14,30338.0,44338.0
238,X-n110-k13,5,13,16748.0,29748.0
239,X-n115-k10,5,11,16522.0,27522.0
240,X-n120-k6,5,6,16355.0,22355.0
241,X-n125-k30,5,36,70575.0,106575.0
242,X-n129-k18,5,19,38576.0,57576.0
243,X-n134-k13,5,14,14930.0,28930.0
244,X-n139-k10,5,10,15669.0,25669.0
245,X-n143-k7,5,7,20643.0,27643.0
246,X-n148-k46,5,54,56516.0,110516.0
247,X-n153-k22,5,29,28894.0,57894.0
248,X-n157-k13,5,13,19034.0,32034.0
249,X-n162-k11,5,11,16336.0,27336.0
250,X-n167-k10,5,10,26198.0,36198.0
251,X-n172-k51,5,63,59883.0,122883.0
252,X-n176-k26,5,33,69392.0,102392.0
253,X-n181-k23,5,23,29307.0,52307.0
254,X-n186-k15,5,15,29637.0,44637.0
255,X-n190-k8,5,8,20340.0,28340.0
256,X-n195-k51,5,62,58688.0,120688.0
257,X-n200-k36,5,39,68677.0,107677.0
258,X-n204-k19,5,19,23810.0,42810.0
259,X-n209-k16,5,16,37247.0,53247.0
260,X-n214-k11,5,12,14362.0,26362.0
261,X-n219-k73,5,73,145580.0,218580.0
262,X-n223-k34,5,36,48878.0,84878.0
263,X-n228-k23,5,28,34541.0,62541.0
264,X-n233-k16,5,17,23564.0,40564.0
265,X-n237-k14,5,14,34320.0,48320.0
266,X-n242-k48,5,53,111126.0,164126.0
267,X-n247-k50,5,65,53583.0,118583.0
268,X-n251-k28,5,29,46819.0,75819.0
269,X-n256-k16,5,17,22127.0,39127.0
270,X-n261-k13,5,13,34193.0,47193.0
271,X-n266-k58,5,64,106530.0,170530.0
272,X-n270-k35,5,38,42407.0,80407.0
273,X-n275-k28,5,28,25855.0,53855.0
274,X-n280-k17,5,20,48661.0,68661.0
275,X-n284-k15,5,15,26039.0,41039.0
276,X-n289-k60,5,70,138801.0,208801.0
277,X-n294-k50,5,55,58799.0,113799.0
278,X-n298-k31,5,33,43099.0,76099.0
279,X-n303-k21,5,21,25872.0,46872.0
280,X-n308-k13,5,14,35088.0,49088.0
281,X-n313-k71,5,82,118847.0,200847.0
282,X-n317-k53,5,53,96491.0,149491.0
283,X-n322-k28,5,29,36198.0,65198.0
284,X-n327-k20,5,20,36524.0,56524.0
285,X-n331-k15,5,15,39415.0,54415.0
286,X-n336-k84,5,98,206098.0,304098.0
287,X-n344-k43,5,45,50329.0,95329.0
288,X-n351-k40,5,43,33803.0,76803.0
289,X-n359-k29,5,30,67731.0,97731.0
290,X-n367-k17,5,18,30418.0,48418.0
291,X-n376-k94,5,94,188880.0,282880.0
292,X-n384-k52,5,56,88506.0,144506.0
293,X-n393-k38,5,39,46040.0,85040.0
294,X-n401-k29,5,30,77748.0,107748.0
295,X-n101-k25,6,30,35155.0,65155.0
296,X-n106-k14,6,14,30338.0,44338.0
297,X-n110-k13,6,13,16823.0,29823.0
298,X-n115-k10,6,11,16571.0,27571.0
299,X-n120-k6,6,6,16505.0,22505.0
300,X-n125-k30,6,37,70464.0,107464.0
301,X-n129-k18,6,19,38576.0,57576.0
302,X-n134-k13,6,14,14930.0,28930.0
303,X-n139-k10,6,10,15679.0,25679.0
304,X-n143-k7,6,7,20643.0,27643.0
305,X-n148-k46,6,53,56633.0,109633.0
306,X-n153-k22,6,29,28678.0,57678.0
307,X-n157-k13,6,13,18949.0,31949.0
308,X-n162-k11,6,11,16146.0,27146.0
309,X-n167-k10,6,10,26215.0,36215.0
310,X-n172-k51,6,63,60386.0,123386.0
311,X-n176-k26,6,33,68895.0,101895.0
312,X-n181-k23,6,23,29746.0,52746.0
313,X-n186-k15,6,15,29176.0,44176.0
314,X-n190-k8,6,8,19738.0,27738.0
315,X-n195-k51,6,63,60062.0,123062.0
316,X-n200-k36,6,39,69672.0,108672.0
317,X-n204-k19,6,19,23814.0,42814.0
318,X-n209-k16,6,16,38205.0,54205.0
319,X-n214-k11,6,12,14362.0,26362.0
320,X-n219-k73,6,73,145019.0,218019.0
321,X-n223-k34,6,37,49734.0,86734.0
322,X-n228-k23,6,28,34008.0,62008.0
323,X-n233-k16,6,17,23748.0,40748.0
324,X-n237-k14,6,14,34700.0,48700.0
325,X-n242-k48,6,53,111126.0,164126.0
326,X-n247-k50,6,65,53373.0,118373.0
327,X-n251-k28,6,29,46507.0,75507.0
328,X-n256-k16,6,17,22129.0,39129.0
329,X-n261-k13,6,13,33056.0,46056.0
330,X-n266-k58,6,64,106530.0,170530.0
331,X-n270-k35,6,38,42227.0,80227.0
332,X-n275-k28,6,28,25509.0,53509.0
333,X-n280-k17,6,20,48412.0,68412.0
334,X-n284-k15,6,15,26066.0,41066.0
335,X-n289-k60,6,69,139787.0,208787.0
336,X-n294-k50,6,55,58876.0,113876.0
337,X-n298-k31,6,33,43081.0,76081.0
338,X-n303-k21,6,21,25913.0,46913.0
339,X-n308-k13,6,13,33301.0,46301.0
340,X-n313-k71,6,82,118619.0,200619.0
341,X-n317-k53,6,53,96533.0,149533.0
342,X-n322-k28,6,29,36216.0,65216.0
343,X-n327-k20,6,20,36147.0,56147.0
344,X-n331-k15,6,15,37814.0,52814.0
345,X-n336-k84,6,98,205080.0,303080.0
346,X-n344-k43,6,45,49949.0,94949.0
347,X-n351-k40,6,42,33683.0,75683.0
348,X-n359-k29,6,30,67771.0,97771.0
349,X-n367-k17,6,18,30080.0,48080.0
350,X-n376-k94,6,94,190693.0,284693.0
351,X-n384-k52,6,56,88133.0,144133.0
352,X-n393-k38,6,39,46029.0,85029.0
353,X-n401-k29,6,30,77749.0,107749.0
354,X-n101-k25,7,30,35413.0,65413.0
355,X-n106-k14,7,14,30338.0,44338.0
356,X-n110-k13,7,13,16720.0,29720.0
357,X-n115-k10,7,11,16926.0,27926.0
358,X-n120-k6,7,6,15678.0,21678.0
359,X-n125-k30,7,37,71205.0,108205.0
360,X-n129-k18,7,19,37620.0,56620.0
361,X-n134-k13,7,14,14930.0,28930.0
362,X-n139-k10,7,10,15669.0,25669.0
363,X-n143-k7,7,7,19315.0,26315.0
364,X-n148-k46,7,54,57114.0,111114.0
365,X-n153-k22,7,29,28430.0,57430.0
366,X-n157-k13,7,13,19297.0,32297.0
367,X-n162-k11,7,11,15945.0,26945.0
368,X-n167-k10,7,10,26759.0,36759.0
369,X-n172-k51,7,63,59538.0,122538.0
370,X-n176-k26,7,33,69392.0,102392.0
371,X-n181-k23,7,23,29360.0,52360.0
372,X-n186-k15,7,15,29979.0,44979.0
373,X-n190-k8,7,8,19933.0,27933.0
374,X-n195-k51,7,62,59197.0,121197.0
375,X-n200-k36,7,39,69451.0,108451.0
376,X-n204-k19,7,19,23841.0,42841.0
377,X-n209-k16,7,16,37205.0,53205.0
378,X-n214-k11,7,12,14393.0,26393.0
379,X-n219-k73,7,73,145888.0,218888.0
380,X-n223-k34,7,36,49090.0,85090.0
381,X-n228-k23,7,28,34635.0,62635.0
382,X-n233-k16,7,17,23857.0,40857.0
383,X-n237-k14,7,14,35213.0,49213.0
384,X-n242-k48,7,53,111207.0,164207.0
385,X-n247-k50,7,65,53127.0,118127.0
386,X-n251-k28,7,29,47280.0,76280.0
387,X-n256-k16,7,17,22378.0,39378.0
388,X-n261-k13,7,13,34185.0,47185.0
389,X-n266-k58,7,64,106218.0,170218.0
390,X-n270-k35,7,38,41898.0,79898.0
391,X-n275-k28,7,28,26333.0,54333.0
392,X-n280-k17,7,20,48282.0,68282.0
393,X-n284-k15,7,15,26098.0,41098.0
394,X-n289-k60,7,69,139526.0,208526.0
395,X-n294-k50,7,56,59177.0,115177.0
396,X-n298-k31,7,33,43773.0,76773.0
397,X-n303-k21,7,21,25872.0,46872.0
398,X-n308-k13,7,13,33365.0,46365.0
399,X-n313-k71,7,83,119092.0,202092.0
400,X-n317-k53,7,53,95927.0,148927.0
401,X-n322-k28,7,29,35735.0,64735.0
402,X-n327-k20,7,20,36169.0,56169.0
403,X-n331-k15,7,15,37516.0,52516.0
404,X-n336-k84,7,98,204411.0,302411.0
405,X-n344-k43,7,45,49949.0,94949.0
406,X-n351-k40,7,43,34011.0,77011.0
407,X-n359-k29,7,30,67570.0,97570.0
408,X-n367-k17,7,18,30286.0,48286.0
409,X-n376-k94,7,94,189017.0,283017.0
410,X-n384-k52,7,56,88234.0,144234.0
411,X-n393-k38,7,39,46533.0,85533.0
412,X-n401-k29,7,30,77760.0,107760.0
413,X-n101-k25,8,30,35545.0,65545.0
414,X-n106-k14,8,14,30338.0,44338.0
415,X-n110-k13,8,13,16748.0,29748.0
416,X-n115-k10,8,11,16438.0,27438.0
417,X-n120-k6,8,6,17212.0,23212.0
418,X-n125-k30,8,36,70841.0,106841.0
419,X-n129-k18,8,19,37780.0,56780.0
420,X-n134-k13,8,14,15032.0,29032.0
421,X-n139-k10,8,10,15679.0,25679.0
422,X-n143-k7,8,7,19578.0,26578.0
423,X-n148-k46,8,53,57064.0,110064.0
424,X-n153-k22,8,29,28841.0,57841.0
425,X-n157-k13,8,13,18949.0,31949.0
426,X-n162-k11,8,11,16133.0,27133.0
427,X-n167-k10,8,10,25988.0,35988.0
428,X-n172-k51,8,64,59727.0,123727.0
429,X-n176-k26,8,33,69694.0,102694.0
430,X-n181-k23,8,23,29513.0,52513.0
431,X-n186-k15,8,15,29637.0,44637.0
432,X-n190-k8,8,8,20209.0,28209.0
433,X-n195-k51,8,62,59722.0,121722.0
434,X-n200-k36,8,39,69659.0,108659.0
435,X-n204-k19,8,19,23779.0,42779.0
436,X-n209-k16,8,16,37087.0,53087.0
437,X-n214-k11,8,12,14428.0,26428.0
438,X-n219-k73,8,73,145019.0,218019.0
439,X-n223-k34,8,36,48852.0,84852.0
440,X-n228-k23,8,28,34513.0,62513.0
441,X-n233-k16,8,17,23737.0,40737.0
442,X-n237-k14,8,14,33966.0,47966.0
443,X-n242-k48,8,53,111126.0,164126.0
444,X-n247-k50,8,65,53258.0,118258.0
445,X-n251-k28,8,29,47331.0,76331.0
446,X-n256-k16,8,17,22093.0,39093.0
447,X-n261-k13,8,13,33110.0,46110.0
448,X-n266-k58,8,64,107502.0,171502.0
449,X-n270-k35,8,38,41713.0,79713.0
450,X-n275-k28,8,28,25740.0,53740.0
451,X-n280-k17,8,20,49039.0,69039.0
452,X-n284-k15,8,15,25596.0,40596.0
453,X-n289-k60,8,69,139887.0,208887.0
454,X-n294-k50,8,56,59684.0,115684.0
455,X-n298-k31,8,33,42780.0,75780.0
456,X-n303-k21,8,21,25911.0,46911.0
457,X-n308-k13,8,14,35511.0,49511.0
458,X-n313-k71,8,82,118741.0,200741.0
459,X-n317-k53,8,53,95965.0,148965.0
460,X-n322-k28,8,29,36009.0,65009.0
461,X-n327-k20,8,20,36049.0,56049.0
462,X-n331-k15,8,15,38721.0,53721.0
463,X-n336-k84,8,98,205548.0,303548.0
464,X-n344-k43,8,45,50329.0,95329.0
465,X-n351-k40,8,43,34258.0,77258.0
466,X-n359-k29,8,30,67671.0,97671.0
467,X-n367-k17,8,19,30709.0,49709.0
468,X-n376-k94,8,94,189017.0,283017.0
469,X-n384-k52,8,56,88988.0,144988.0
470,X-n393-k38,8,39,45850.0,84850.0
471,X-n401-k29,8,30,77760.0,107760.0
472,X-n101-k25,9,30,35434.0,65434.0
473,X-n106-k14,9,14,30338.0,44338.0
474,X-n110-k13,9,13,16797.0,29797.0
475,X-n115-k10,9,11,17040.0,28040.0
476,X-n120-k6,9,6,15678.0,21678.0
477,X-n125-k30,9,36,69670.0,105670.0
478,X-n129-k18,9,19,38651.0,57651.0
479,X-n134-k13,9,14,14380.0,28380.0
480,X-n139-k10,9,10,15679.0,25679.0
481,X-n143-k7,9,7,20110.0,27110.0
482,X-n148-k46,9,54,55790.0,109790.0
483,X-n153-k22,9,29,28854.0,57854.0
484,X-n157-k13,9,13,18949.0,31949.0
485,X-n162-k11,9,11,15858.0,26858.0
486,X-n167-k10,9,10,26072.0,36072.0
487,X-n172-k51,9,63,60201.0,123201.0
488,X-n176-k26,9,33,69384.0,102384.0
489,X-n181-k23,9,23,29716.0,52716.0
490,X-n186-k15,9,15,29921.0,44921.0
491,X-n190-k8,9,8,19982.0,27982.0
492,X-n195-k51,9,62,58989.0,120989.0
493,X-n200-k36,9,39,69680.0,108680.0
494,X-n204-k19,9,19,23810.0,42810.0
495,X-n209-k16,9,16,37711.0,53711.0
496,X-n214-k11,9,12,14446.0,26446.0
497,X-n219-k73,9,73,145888.0,218888.0
498,X-n223-k34,9,36,48846.0,84846.0
499,X-n228-k23,9,28,34387.0,62387.0
500,X-n233-k16,9,17,24042.0,41042.0
501,X-n237-k14,9,14,34865.0,48865.0
502,X-n242-k48,9,53,111265.0,164265.0
503,X-n247-k50,9,65,53579.0,118579.0
504,X-n251-k28,9,29,47250.0,76250.0
505,X-n256-k16,9,17,22836.0,39836.0
506,X-n261-k13,9,13,34512.0,47512.0
507,X-n266-k58,9,64,106218.0,170218.0
508,X-n270-k35,9,38,41739.0,79739.0
509,X-n275-k28,9,28,25287.0,53287.0
510,X-n280-k17,9,20,48435.0,68435.0
511,X-n284-k15,9,15,26344.0,41344.0
512,X-n289-k60,9,69,139343.0,208343.0
513,X-n294-k50,9,56,59076.0,115076.0
514,X-n298-k31,9,33,42917.0,75917.0
515,X-n303-k21,9,21,25742.0,46742.0
516,X-n308-k13,9,13,33301.0,46301.0
517,X-n313-k71,9,82,118624.0,200624.0
518,X-n317-k53,9,53,96335.0,149335.0
519,X-n322-k28,9,29,36180.0,65180.0
520,X-n327-k20,9,20,36535.0,56535.0
521,X-n331-k15,9,15,37248.0,52248.0
522,X-n336-k84,9,99,206739.0,305739.0
523,X-n344-k43,9,45,50329.0,95329.0
524,X-n351-k40,9,43,34338.0,77338.0
525,X-n359-k29,9,30,67744.0,97744.0
526,X-n367-k17,9,18,30396.0,48396.0
527,X-n376-k94,9,94,188819.0,282819.0
528,X-n384-k52,9,56,88647.0,144647.0
529,X-n393-k38,9,39,46010.0,85010.0
530,X-n401-k29,9,30,77750.0,107750.0
531,X-n101-k25,10,30,34641.0,64641.0
532,X-n106-k14,10,14,30338.0,44338.0
533,X-n110-k13,10,13,16477.0,29477.0
534,X-n115-k10,10,11,16902.0,27902.0
535,X-n120-k6,10,6,16870.0,22870.0
536,X-n125-k30,10,37,71215.0,108215.0
537,X-n129-k18,10,19,37786.0,56786.0
538,X-n134-k13,10,14,14944.0,28944.0
539,X-n139-k10,10,10,15679.0,25679.0
540,X-n143-k7,10,7,19442.0,26442.0
541,X-n148-k46,10,54,56516.0,110516.0
542,X-n153-k22,10,29,28151.0,57151.0
543,X-n157-k13,10,13,19495.0,32495.0
544,X-n162-k11,10,11,16589.0,27589.0
545,X-n167-k10,10,10,26233.0,36233.0
546,X-n172-k51,10,64,60510.0,124510.0
547,X-n176-k26,10,33,69732.0,102732.0
548,X-n181-k23,10,23,29393.0,52393.0
549,X-n186-k15,10,15,29979.0,44979.0
550,X-n190-k8,10,8,19953.0,27953.0
551,X-n195-k51,10,62,59196.0,121196.0
552,X-n200-k36,10,39,69565.0,108565.0
553,X-n204-k19,10,19,23762.0,42762.0
554,X-n209-k16,10,16,37087.0,53087.0
555,X-n214-k11,10,12,14242.0,26242.0
556,X-n219-k73,10,73,145840.0,218840.0
557,X-n223-k34,10,37,49871.0,86871.0
558,X-n228-k23,10,28,34387.0,62387.0
559,X-n233-k16,10,17,23787.0,40787.0
560,X-n237-k14,10,14,34659.0,48659.0
561,X-n242-k48,10,53,111819.0,164819.0
562,X-n247-k50,10,65,53471.0,118471.0
563,X-n251-k28,10,29,46925.0,75925.0
564,X-n256-k16,10,17,22061.0,39061.0
565,X-n261-k13,10,13,33079.0,46079.0
566,X-n266-k58,10,64,106583.0,170583.0
567,X-n270-k35,10,38,42134.0,80134.0
568,X-n275-k28,10,28,25348.0,53348.0
569,X-n280-k17,10,21,50091.0,71091.0
570,X-n284-k15,10,15,26039.0,41039.0
571,X-n289-k60,10,69,140053.0,209053.0
572,X-n294-k50,10,56,59763.0,115763.0
573,X-n298-k31,10,33,43802.0,76802.0
574,X-n303-k21,10,21,25862.0,46862.0
575,X-n308-k13,10,14,35028.0,49028.0
576,X-n313-k71,10,82,118418.0,200418.0
577,X-n317-k53,10,53,94528.0,147528.0
578,X-n322-k28,10,29,35897.0,64897.0
579,X-n327-k20,10,20,36493.0,56493.0
580,X-n331-k15,10,15,38541.0,53541.0
581,X-n336-k84,10,98,204601.0,302601.0
582,X-n344-k43,10,45,50329.0,95329.0
583,X-n351-k40,10,43,33795.0,76795.0
584,X-n359-k29,10,30,67619.0,97619.0
585,X-n367-k17,10,19,30694.0,49694.0
586,X-n376-k94,10,94,188766.0,282766.0
587,X-n384-k52,10,56,88015.0,144015.0
588,X-n393-k38,10,39,46010.0,85010.0
589,X-n401-k29,10,30,77534.0,107534.0
590,X-n101-k25,11,30,35155.0,65155.0
591,X-n106-k14,11,14,30338.0,44338.0
592,X-n110-k13,11,13,16477.0,29477.0
593,X-n115-k10,11,11,16522.0,27522.0
594,X-n120-k6,11,6,16886.0,22886.0
595,X-n125-k30,11,37,70524.0,107524.0
596,X-n129-k18,11,19,38029.0,57029.0
597,X-n134-k13,11,14,15032.0,29032.0
598,X-n139-k10,11,10,15679.0,25679.0
599,X-n143-k7,11,7,20578.0,27578.0
600,X-n148-k46,11,54,56516.0,110516.0
601,X-n153-k22,11,29,29397.0,58397.0
602,X-n157-k13,11,13,18949.0,31949.0
603,X-n162-k11,11,11,16146.0,27146.0
604,X-n167-k10,11,10,26199.0,36199.0
605,X-n172-k51,11,64,60520.0,124520.0
606,X-n176-k26,11,33,69384.0,102384.0
607,X-n181-k23,11,23,29618.0,52618.0
608,X-n186-k15,11,15,29979.0,44979.0
609,X-n190-k8,11,8,20374.0,28374.0
610,X-n195-k51,11,62,58688.0,120688.0
611,X-n200-k36,11,39,69565.0,108565.0
612,X-n204-k19,11,19,23810.0,42810.0
613,X-n209-k16,11,16,37274.0,53274.0
614,X-n214-k11,11,12,14042.0,26042.0
615,X-n219-k73,11,73,144558.0,217558.0
616,X-n223-k34,11,36,49028.0,85028.0
617,X-n228-k23,11,28,34477.0,62477.0
618,X-n233-k16,11,17,23549.0,40549.0
619,X-n237-k14,11,14,33593.0,47593.0
620,X-n242-k48,11,53,112315.0,165315.0
621,X-n247-k50,11,65,53603.0,118603.0
622,X-n251-k28,11,29,47192.0,76192.0
623,X-n256-k16,11,17,22142.0,39142.0
624,X-n261-k13,11,13,32850.0,45850.0
625,X-n266-k58,11,64,106901.0,170901.0
626,X-n270-k35,11,38,42142.0,80142.0
627,X-n275-k28,11,28,25371.0,53371.0
628,X-n280-k17,11,21,50640.0,71640.0
629,X-n284-k15,11,15,26099.0,41099.0
630,X-n289-k60,11,69,139620.0,208620.0
631,X-n294-k50,11,55,59014.0,114014.0
632,X-n298-k31,11,33,42899.0,75899.0
633,X-n303-k21,11,21,25929.0,46929.0
634,X-n308-k13,11,13,33365.0,46365.0
635,X-n313-k71,11,82,118551.0,200551.0
636,X-n317-k53,11,53,94528.0,147528.0
637,X-n322-k28,11,29,36122.0,65122.0
638,X-n327-k20,11,20,35616.0,55616.0
639,X-n331-k15,11,15,37964.0,52964.0
640,X-n336-k84,11,99,202939.0,301939.0
641,X-n344-k43,11,45,50329.0,95329.0
642,X-n351-k40,11,43,33795.0,76795.0
643,X-n359-k29,11,30,67742.0,97742.0
644,X-n367-k17,11,18,30143.0,48143.0
645,X-n376-k94,11,94,189093.0,283093.0
646,X-n384-k52,11,56,89172.0,145172.0
647,X-n393-k38,11,39,46261.0,85261.0
648,X-n401-k29,11,30,77733.0,107733.0
649,X-n101-k25,12,30,35434.0,65434.0
650,X-n106-k14,12,14,30338.0,44338.0
651,X-n110-k13,12,13,17290.0,30290.0
652,X-n115-k10,12,11,16308.0,27308.0
653,X-n120-k6,12,6,17134.0,23134.0
654,X-n125-k30,12,37,71215.0,108215.0
655,X-n129-k18,12,19,38651.0,57651.0
656,X-n134-k13,12,14,14931.0,28931.0
657,X-n139-k10,12,10,15669.0,25669.0
658,X-n143-k7,12,7,20110.0,27110.0
659,X-n148-k46,12,54,57114.0,111114.0
660,X-n153-k22,12,29,28774.0,57774.0
661,X-n157-k13,12,13,18949.0,31949.0
662,X-n162-k11,12,11,16589.0,27589.0
663,X-n167-k10,12,10,25988.0,35988.0
664,X-n172-k51,12,63,60098.0,123098.0
665,X-n176-k26,12,33,69683.0,102683.0
666,X-n181-k23,12,23,29393.0,52393.0
667,X-n186-k15,12,15,29723.0,44723.0
668,X-n190-k8,12,8,20094.0,28094.0
669,X-n195-k51,12,63,60303.0,123303.0
670,X-n200-k36,12,39,69164.0,108164.0
671,X-n204-k19,12,19,23879.0,42879.0
672,X-n209-k16,12,16,37569.0,53569.0
673,X-n214-k11,12,12,14393.0,26393.0
674,X-n219-k73,12,73,145579.0,218579.0
675,X-n223-k34,12,36,49278.0,85278.0
676,X-n228-k23,12,28,34210.0,62210.0
677,X-n233-k16,12,17,24042.0,41042.0
678,X-n237-k14,12,14,33768.0,47768.0
679,X-n247-k50,12,65,53603.0,118603.0
680,X-n251-k28,12,29,47189.0,76189.0
681,X-n256-k16,12,17,22071.0,39071.0
682,X-n261-k13,12,13,34443.0,47443.0
683,X-n266-k58,12,64,106054.0,170054.0
684,X-n270-k35,12,38,42134.0,80134.0
685,X-n275-k28,12,28,25647.0,53647.0
686,X-n280-k17,12,20,47983.0,67983.0
687,X-n284-k15,12,15,26248.0,41248.0
688,X-n289-k60,12,69,140315.0,209315.0
689,X-n294-k50,12,56,59888.0,115888.0
690,X-n298-k31,12,33,43802.0,76802.0
691,X-n303-k21,12,22,26279.0,48279.0
692,X-n308-k13,12,13,33307.0,46307.0
693,X-n313-k71,12,82,118774.0,200774.0
694,X-n317-k53,12,53,95100.0,148100.0
695,X-n322-k28,12,29,36198.0,65198.0
696,X-n327-k20,12,20,36493.0,56493.0
697,X-n331-k15,12,15,37616.0,52616.0
698,X-n336-k84,12,99,203032.0,302032.0
699,X-n344-k43,12,45,49949.0,94949.0
700,X-n351-k40,12,42,33776.0,75776.0
701,X-n359-k29,12,30,66824.0,96824.0
702,X-n367-k17,12,19,30935.0,49935.0
703,X-n376-k94,12,94,191236.0,285236.0
704,X-n384-k52,12,56,87229.0,143229.0
705,X-n393-k38,12,39,46261.0,85261.0
706,X-n401-k29,12,30,77687.0,107687.0
707,X-n101-k25,13,30,35395.0,65395.0
708,X-n106-k14,13,14,30338.0,44338.0
709,X-n110-k13,13,13,17290.0,30290.0
710,X-n115-k10,13,11,16522.0,27522.0
711,X-n120-k6,13,6,16355.0,22355.0
712,X-n125-k30,13,36,70711.0,106711.0
713,X-n129-k18,13,19,38576.0,57576.0
714,X-n134-k13,13,14,14280.0,28280.0
715,X-n139-k10,13,10,16430.0,26430.0
716,X-n143-k7,13,7,20578.0,27578.0
717,X-n148-k46,13,54,57295.0,111295.0
718,X-n153-k22,13,29,27916.0,56916.0
719,X-n157-k13,13,13,18949.0,31949.0
720,X-n162-k11,13,11,16696.0,27696.0
721,X-n167-k10,13,10,26072.0,36072.0
722,X-n172-k51,13,64,59727.0,123727.0
723,X-n176-k26,13,33,68968.0,101968.0
724,X-n181-k23,13,23,29307.0,52307.0
725,X-n186-k15,13,15,30136.0,45136.0
726,X-n190-k8,13,8,19616.0,27616.0
727,X-n195-k51,13,62,59786.0,121786.0
728,X-n200-k36,13,39,69682.0,108682.0
729,X-n204-k19,13,19,23814.0,42814.0
730,X-n209-k16,13,16,37205.0,53205.0
731,X-n214-k11,13,12,14258.0,26258.0
732,X-n219-k73,13,73,145821.0,218821.0
733,X-n223-k34,13,36,48846.0,84846.0
734,X-n228-k23,13,28,33923.0,61923.0
735,X-n233-k16,13,17,23470.0,40470.0
736,X-n237-k14,13,14,35058.0,49058.0
737,X-n242-k48,13,54,113947.0,167947.0
738,X-n247-k50,13,65,53585.0,118585.0
739,X-n251-k28,13,29,46860.0,75860.0
740,X-n256-k16,13,17,22119.0,39119.0
741,X-n261-k13,13,13,33056.0,46056.0
742,X-n266-k58,13,64,107121.0,171121.0
743,X-n270-k35,13,38,42014.0,80014.0
744,X-n275-k28,13,28,25798.0,53798.0
745,X-n280-k17,13,20,48412.0,68412.0
746,X-n284-k15,13,15,26160.0,41160.0
747,X-n289-k60,13,70,138801.0,208801.0
748,X-n294-k50,13,55,58859.0,113859.0
749,X-n298-k31,13,33,42429.0,75429.0
750,X-n303-k21,13,21,25856.0,46856.0
751,X-n308-k13,13,14,35088.0,49088.0
752,X-n313-k71,13,82,118619.0,200619.0
753,X-n317-k53,13,53,94528.0,147528.0
754,X-n322-k28,13,30,36480.0,66480.0
755,X-n327-k20,13,20,36007.0,56007.0
756,X-n331-k15,13,15,37342.0,52342.0
757,X-n336-k84,13,99,202939.0,301939.0
758,X-n344-k43,13,45,50308.0,95308.0
759,X-n351-k40,13,42,33725.0,75725.0
760,X-n359-k29,13,30,67594.0,97594.0
761,X-n367-k17,13,18,30080.0,48080.0
762,X-n376-k94,13,94,188940.0,282940.0
763,X-n384-k52,13,56,87266.0,143266.0
764,X-n393-k38,13,39,46241.0,85241.0
765,X-n401-k29,13,30,78427.0,108427.0
766,X-n101-k25,14,31,35814.0,66814.0
767,X-n106-k14,14,14,30338.0,44338.0
768,X-n110-k13,14,13,16851.0,29851.0
769,X-n115-k10,14,11,16308.0,27308.0
770,X-n120-k6,14,6,16897.0,22897.0
771,X-n125-k30,14,37,71205.0,108205.0
772,X-n129-k18,14,19,38652.0,57652.0
773,X-n134-k13,14,14,15032.0,29032.0
774,X-n139-k10,14,10,16430.0,26430.0
775,X-n143-k7,14,7,19585.0,26585.0
776,X-n148-k46,14,54,56516.0,110516.0
777,X-n153-k22,14,29,28788.0,57788.0
778,X-n157-k13,14,13,18949.0,31949.0
779,X-n162-k11,14,11,15858.0,26858.0
780,X-n167-k10,14,10,26237.0,36237.0
781,X-n172-k51,14,63,60268.0,123268.0
782,X-n176-k26,14,33,69508.0,102508.0
783,X-n181-k23,14,23,29886.0,52886.0
784,X-n186-k15,14,15,29867.0,44867.0
785,X-n190-k8,14,8,19616.0,27616.0
786,X-n195-k51,14,63,60050.0,123050.0
787,X-n200-k36,14,39,69164.0,108164.0
788,X-n204-k19,14,19,23890.0,42890.0
789,X-n209-k16,14,16,37205.0,53205.0
790,X-n214-k11,14,12,14317.0,26317.0
791,X-n219-k73,14,73,143352.0,216352.0
792,X-n223-k34,14,36,48878.0,84878.0
793,X-n228-k23,14,28,33755.0,61755.0
794,X-n233-k16,14,17,24340.0,41340.0
795,X-n237-k14,14,14,33768.0,47768.0
796,X-n242-k48,14,53,111049.0,164049.0
797,X-n247-k50,14,65,53574.0,118574.0
798,X-n251-k28,14,29,47001.0,76001.0
799,X-n256-k16,14,17,22145.0,39145.0
800,X-n261-k13,14,13,33056.0,46056.0
801,X-n266-k58,14,64,106530.0,170530.0
802,X-n270-k35,14,38,41968.0,79968.0
803,X-n275-k28,14,28,25638.0,53638.0
804,X-n280-k17,14,20,48318.0,68318.0
805,X-n284-k15,14,15,25141.0,40141.0
806,X-n289-k60,14,69,139342.0,208342.0
807,X-n294-k50,14,56,59861.0,115861.0
808,X-n298-k31,14,33,43277.0,76277.0
809,X-n303-k21,14,21,25936.0,46936.0
810,X-n308-k13,14,13,33307.0,46307.0
811,X-n313-k71,14,82,118750.0,200750.0
812,X-n317-k53,14,53,96073.0,149073.0
813,X-n322-k28,14,29,36198.0,65198.0
814,X-n327-k20,14,20,36133.0,56133.0
815,X-n331-k15,14,15,37642.0,52642.0
816,X-n336-k84,14,99,202939.0,301939.0
817,X-n344-k43,14,45,50319.0,95319.0
818,X-n351-k40,14,43,34258.0,77258.0
819,X-n359-k29,14,30,67729.0,97729.0
820,X-n367-k17,14,19,30936.0,49936.0
821,X-n376-k94,14,94,188860.0,282860.0
822,X-n384-k52,14,56,88647.0,144647.0
823,X-n393-k38,14,39,46118.0,85118.0
824,X-n401-k29,14,30,77760.0,107760.0
825,X-n101-k25,15,30,34706.0,64706.0
826,X-n106-k14,15,14,30338.0,44338.0
827,X-n110-k13,15,13,17290.0,30290.0
828,X-n115-k10,15,11,16438.0,27438.0
829,X-n120-k6,15,6,16556.0,22556.0
830,X-n125-k30,15,36,70374.0,106374.0
831,X-n129-k18,15,19,38576.0,57576.0
832,X-n134-k13,15,14,15124.0,29124.0
833,X-n139-k10,15,11,16072.0,27072.0
834,X-n143-k7,15,7,19471.0,26471.0
835,X-n148-k46,15,53,57378.0,110378.0
836,X-n153-k22,15,29,29414.0,58414.0
837,X-n157-k13,15,13,18949.0,31949.0
838,X-n162-k11,15,11,16353.0,27353.0
839,X-n167-k10,15,10,26697.0,36697.0
840,X-n172-k51,15,63,59954.0,122954.0
841,X-n176-k26,15,33,69678.0,102678.0
842,X-n181-k23,15,23,29189.0,52189.0
843,X-n186-k15,15,15,29864.0,44864.0
844,X-n190-k8,15,8,20374.0,28374.0
845,X-n195-k51,15,62,59199.0,121199.0
846,X-n200-k36,15,39,69501.0,108501.0
847,X-n204-k19,15,19,23974.0,42974.0
848,X-n209-k16,15,16,37205.0,53205.0
849,X-n214-k11,15,12,14358.0,26358.0
850,X-n219-k73,15,73,145737.0,218737.0
851,X-n223-k34,15,36,48875.0,84875.0
852,X-n228-k23,15,28,33967.0,61967.0
853,X-n233-k16,15,17,23581.0,40581.0
854,X-n237-k14,15,14,33593.0,47593.0
855,X-n242-k48,15,53,111049.0,164049.0
856,X-n247-k50,15,65,53101.0,118101.0
857,X-n251-k28,15,29,46860.0,75860.0
858,X-n256-k16,15,17,22119.0,39119.0
859,X-n261-k13,15,13,34075.0,47075.0
860,X-n266-k58,15,64,107060.0,171060.0
861,X-n270-k35,15,38,41816.0,79816.0
862,X-n275-k28,15,28,25287.0,53287.0
863,X-n280-k17,15,20,48661.0,68661.0
864,X-n284-k15,15,15,26165.0,41165.0
865,X-n289-k60,15,70,141587.0,211587.0
866,X-n294-k50,15,55,58864.0,113864.0
867,X-n298-k31,15,33,43081.0,76081.0
868,X-n303-k21,15,21,25856.0,46856.0
869,X-n308-k13,15,13,33661.0,46661.0
870,X-n313-k71,15,82,118663.0,200663.0
871,X-n317-k53,15,53,95215.0,148215.0
872,X-n322-k28,15,29,36224.0,65224.0
873,X-n327-k20,15,20,36091.0,56091.0
874,X-n331-k15,15,15,37711.0,52711.0
875,X-n336-k84,15,99,203032.0,302032.0
876,X-n344-k43,15,45,50329.0,95329.0
877,X-n351-k40,15,43,33844.0,76844.0
878,X-n359-k29,15,30,67584.0,97584.0
879,X-n367-k17,15,18,30286.0,48286.0
880,X-n376-k94,15,94,189093.0,283093.0
881,X-n384-k52,15,56,88314.0,144314.0
882,X-n393-k38,15,39,46258.0,85258.0
883,X-n401-k29,15,30,77366.0,107366.0
884,X-n101-k25,16,30,35317.0,65317.0
885,X-n106-k14,16,14,30338.0,44338.0
886,X-n110-k13,16,13,16477.0,29477.0
887,X-n115-k10,16,11,16522.0,27522.0
888,X-n120-k6,16,6,16897.0,22897.0
889,X-n125-k30,16,37,71329.0,108329.0
890,X-n129-k18,16,19,37782.0,56782.0
891,X-n134-k13,16,14,14280.0,28280.0
892,X-n139-k10,16,11,16388.0,27388.0
893,X-n143-k7,16,7,20434.0,27434.0
894,X-n148-k46,16,54,56516.0,110516.0
895,X-n153-k22,16,29,29396.0,58396.0
896,X-n157-k13,16,13,18949.0,31949.0
897,X-n162-k11,16,11,16607.0,27607.0
898,X-n167-k10,16,10,26252.0,36252.0
899,X-n172-k51,16,63,59864.0,122864.0
900,X-n176-k26,16,33,69683.0,102683.0
901,X-n181-k23,16,23,29307.0,52307.0
902,X-n186-k15,16,15,29674.0,44674.0
903,X-n195-k51,16,62,59239.0,121239.0
904,X-n200-k36,16,39,69647.0,108647.0
905,X-n204-k19,16,19,23746.0,42746.0
906,X-n209-k16,16,16,37123.0,53123.0
907,X-n214-k11,16,12,14470.0,26470.0
908,X-n219-k73,16,73,145786.0,218786.0
909,X-n223-k34,16,37,50030.0,87030.0
910,X-n228-k23,16,28,33755.0,61755.0
911,X-n233-k16,16,17,23857.0,40857.0
912,X-n237-k14,16,14,33886.0,47886.0
913,X-n242-k48,16,54,113911.0,167911.0
914,X-n247-k50,16,65,53568.0,118568.0
915,X-n251-k28,16,29,46999.0,75999.0
916,X-n256-k16,16,17,22350.0,39350.0
917,X-n261-k13,16,13,34193.0,47193.0
918,X-n266-k58,16,60,125173.0,185173.0
919,X-n270-k35,16,38,41968.0,79968.0
920,X-n275-k28,16,28,25740.0,53740.0
921,X-n280-k17,16,20,47982.0,67982.0
922,X-n284-k15,16,15,26220.0,41220.0
923,X-n289-k60,16,69,139966.0,208966.0
924,X-n294-k50,16,55,58916.0,113916.0
925,X-n298-k31,16,33,43099.0,76099.0
926,X-n303-k21,16,21,25957.0,46957.0
927,X-n308-k13,16,13,33307.0,46307.0
928,X-n313-k71,16,82,118456.0,200456.0
929,X-n317-k53,16,53,95215.0,148215.0
930,X-n322-k28,16,29,36058.0,65058.0
931,X-n327-k20,16,20,36174.0,56174.0
932,X-n331-k15,16,15,38168.0,53168.0
933,X-n336-k84,16,99,202989.0,301989.0
934,X-n344-k43,16,45,49949.0,94949.0
935,X-n351-k40,16,42,33729.0,75729.0
936,X-n359-k29,16,30,67742.0,97742.0
937,X-n367-k17,16,19,30936.0,49936.0
938,X-n376-k94,16,94,188775.0,282775.0
939,X-n384-k52,16,56,88054.0,144054.0
940,X-n393-k38,16,39,46126.0,85126.0
941,X-n401-k29,16,30,77152.0,107152.0
942,X-n101-k25,17,30,34973.0,64973.0
943,X-n106-k14,17,14,30338.0,44338.0
944,X-n110-k13,17,13,16748.0,29748.0
945,X-n115-k10,17,11,16974.0,27974.0
946,X-n120-k6,17,6,16499.0,22499.0
947,X-n125-k30,17,37,71329.0,108329.0
948,X-n129-k18,17,19,38039.0,57039.0
949,X-n134-k13,17,14,14380.0,28380.0
950,X-n139-k10,17,10,15679.0,25679.0
951,X-n143-k7,17,7,20699.0,27699.0
952,X-n148-k46,17,54,55790.0,109790.0
953,X-n153-k22,17,29,28892.0,57892.0
954,X-n157-k13,17,13,18949.0,31949.0
955,X-n162-k11,17,11,16607.0,27607.0
956,X-n167-k10,17,10,26198.0,36198.0
957,X-n172-k51,17,64,60377.0,124377.0
958,X-n176-k26,17,33,69678.0,102678.0
959,X-n181-k23,17,23,29458.0,52458.0
960,X-n186-k15,17,15,28816.0,43816.0
961,X-n190-k8,17,8,19953.0,27953.0
962,X-n195-k51,17,62,59239.0,121239.0
963,X-n200-k36,17,39,69565.0,108565.0
964,X-n204-k19,17,19,23810.0,42810.0
965,X-n209-k16,17,16,39373.0,55373.0
966,X-n214-k11,17,12,14463.0,26463.0
967,X-n219-k73,17,73,147007.0,220007.0
968,X-n223-k34,17,37,49734.0,86734.0
969,X-n228-k23,17,28,34662.0,62662.0
970,X-n233-k16,17,17,23550.0,40550.0
971,X-n237-k14,17,14,33768.0,47768.0
972,X-n242-k48,17,53,112073.0,165073.0
973,X-n247-k50,17,65,53624.0,118624.0
974,X-n251-k28,17,29,47192.0,76192.0
975,X-n256-k16,17,17,22345.0,39345.0
976,X-n261-k13,17,13,34185.0,47185.0
977,X-n266-k58,17,64,106054.0,170054.0
978,X-n270-k35,17,38,41804.0,79804.0
979,X-n275-k28,17,28,25638.0,53638.0
980,X-n280-k17,17,20,49045.0,69045.0
981,X-n284-k15,17,15,26171.0,41171.0
982,X-n289-k60,17,69,139790.0,208790.0
983,X-n294-k50,17,55,58876.0,113876.0
984,X-n298-k31,17,33,43277.0,76277.0
985,X-n303-k21,17,21,25856.0,46856.0
986,X-n308-k13,17,13,33664.0,46664.0
987,X-n313-k71,17,82,118510.0,200510.0
988,X-n317-k53,17,53,95019.0,148019.0
989,X-n322-k28,17,29,36155.0,65155.0
990,X-n327-k20,17,20,36185.0,56185.0
991,X-n331-k15,17,15,37439.0,52439.0
992,X-n336-k84,17,99,201412.0,300412.0
993,X-n344-k43,17,45,49949.0,94949.0
994,X-n351-k40,17,43,34357.0,77357.0
995,X-n359-k29,17,30,67731.0,97731.0
996,X-n367-k17,17,18,30258.0,48258.0
997,X-n376-k94,17,94,189202.0,283202.0
998,X-n384-k52,17,56,88724.0,144724.0
999,X-n393-k38,17,39,46040.0,85040.0
1000,X-n401-k29,17,30,77165.0,107165.0
1001,X-n101-k25,18,30,35545.0,65545.0
1002,X-n106-k14,18,14,30338.0,44338.0
1003,X-n110-k13,18,13,17290.0,30290.0
1004,X-n115-k10,18,11,16308.0,27308.0
1005,X-n120-k6,18,6,15678.0,21678.0
1006,X-n125-k30,18,37,71215.0,108215.0
1007,X-n129-k18,18,19,37782.0,56782.0
1008,X-n134-k13,18,14,15032.0,29032.0
1009,X-n139-k10,18,10,15669.0,25669.0
1010,X-n143-k7,18,7,19853.0,26853.0
1011,X-n148-k46,18,54,57304.0,111304.0
1012,X-n153-k22,18,29,28774.0,57774.0
1013,X-n157-k13,18,13,18949.0,31949.0
1014,X-n162-k11,18,11,15945.0,26945.0
1015,X-n167-k10,18,10,26697.0,36697.0
1016,X-n172-k51,18,63,60178.0,123178.0
1017,X-n176-k26,18,33,69678.0,102678.0
1018,X-n181-k23,18,23,29392.0,52392.0
1019,X-n186-k15,18,15,29261.0,44261.0
1020,X-n190-k8,18,8,20277.0,28277.0
1021,X-n195-k51,18,63,60113.0,123113.0
1022,X-n200-k36,18,39,69274.0,108274.0
1023,X-n204-k19,18,19,23814.0,42814.0
1024,X-n209-k16,18,16,37168.0,53168.0
1025,X-n214-k11,18,12,14042.0,26042.0
1026,X-n219-k73,18,73,145580.0,218580.0
1027,X-n223-k34,18,36,48878.0,84878.0
1028,X-n228-k23,18,28,34543.0,62543.0
1029,X-n233-k16,18,17,23390.0,40390.0
1030,X-n237-k14,18,14,33803.0,47803.0
1031,X-n242-k48,18,53,111126.0,164126.0
1032,X-n247-k50,18,65,53603.0,118603.0
1033,X-n251-k28,18,29,46925.0,75925.0
1034,X-n256-k16,18,17,22119.0,39119.0
1035,X-n261-k13,18,13,34196.0,47196.0
1036,X-n266-k58,18,64,107121.0,171121.0
1037,X-n270-k35,18,38,41872.0,79872.0
1038,X-n275-k28,18,28,25632.0,53632.0
1039,X-n280-k17,18,20,47983.0,67983.0
1040,X-n284-k15,18,15,26029.0,41029.0
1041,X-n289-k60,18,69,140117.0,209117.0
1042,X-n294-k50,18,55,59022.0,114022.0
1043,X-n298-k31,18,33,43246.0,76246.0
1044,X-n303-k21,18,21,25862.0,46862.0
1045,X-n308-k13,18,13,33143.0,46143.0
1046,X-n313-k71,18,82,118510.0,200510.0
1047,X-n317-k53,18,53,96155.0,149155.0
1048,X-n322-k28,18,29,36198.0,65198.0
1049,X-n327-k20,18,20,36392.0,56392.0
1050,X-n331-k15,18,15,37516.0,52516.0
1051,X-n336-k84,18,99,206739.0,305739.0
1052,X-n344-k43,18,45,50329.0,95329.0
1053,X-n351-k40,18,42,33765.0,75765.0
1054,X-n359-k29,18,30,67744.0,97744.0
1055,X-n367-k17,18,19,30694.0,49694.0
1056,X-n376-k94,18,94,188734.0,282734.0
1057,X-n384-k52,18,56,87266.0,143266.0
1058,X-n393-k38,18,39,45826.0,84826.0
1059,X-n401-k29,18,30,77298.0,107298.0
1060,X-n101-k25,19,30,35155.0,65155.0
1061,X-n106-k14,19,14,30338.0,44338.0
1062,X-n110-k13,19,13,17290.0,30290.0
1063,X-n115-k10,19,11,16438.0,27438.0
1064,X-n120-k6,19,6,16609.0,22609.0
1065,X-n125-k30,19,37,71329.0,108329.0
1066,X-n129-k18,19,19,37374.0,56374.0
1067,X-n134-k13,19,14,14428.0,28428.0
1068,X-n139-k10,19,10,15679.0,25679.0
1069,X-n143-k7,19,7,19442.0,26442.0
1070,X-n148-k46,19,54,56516.0,110516.0
1071,X-n153-k22,19,29,29369.0,58369.0
1072,X-n157-k13,19,13,18949.0,31949.0
1073,X-n162-k11,19,11,16589.0,27589.0
1074,X-n167-k10,19,10,26233.0,36233.0
1075,X-n172-k51,19,63,59837.0,122837.0
1076,X-n176-k26,19,34,71275.0,105275.0
1077,X-n181-k23,19,23,29189.0,52189.0
1078,X-n186-k15,19,15,29261.0,44261.0
1079,X-n190-k8,19,8,19953.0,27953.0
1080,X-n195-k51,19,62,59110.0,121110.0
1081,X-n200-k36,19,39,69596.0,108596.0
1082,X-n204-k19,19,19,24644.0,43644.0
1083,X-n209-k16,19,16,37219.0,53219.0
1084,X-n214-k11,19,12,14342.0,26342.0
1085,X-n219-k73,19,73,145686.0,218686.0
1086,X-n223-k34,19,36,48859.0,84859.0
1087,X-n228-k23,19,28,34426.0,62426.0
1088,X-n233-k16,19,17,23857.0,40857.0
1089,X-n237-k14,19,14,33966.0,47966.0
1090,X-n242-k48,19,53,111049.0,164049.0
1091,X-n247-k50,19,65,53110.0,118110.0
1092,X-n251-k28,19,29,47192.0,76192.0
1093,X-n256-k16,19,17,22186.0,39186.0
1094,X-n261-k13,19,13,34514.0,47514.0
1095,X-n266-k58,19,64,107060.0,171060.0
1096,X-n270-k35,19,38,40638.0,78638.0
1097,X-n275-k28,19,28,25601.0,53601.0
1098,X-n280-k17,19,20,48013.0,68013.0
1099,X-n284-k15,19,15,26176.0,41176.0
1100,X-n289-k60,19,69,139527.0,208527.0
1101,X-n294-k50,19,56,59076.0,115076.0
1102,X-n298-k31,19,33,42780.0,75780.0
1103,X-n303-k21,19,21,25872.0,46872.0
1104,X-n308-k13,19,14,35084.0,49084.0
1105,X-n313-k71,19,82,118760.0,200760.0
1106,X-n317-k53,19,53,95215.0,148215.0
1107,X-n322-k28,19,29,36038.0,65038.0
1108,X-n327-k20,19,20,36191.0,56191.0
1109,X-n331-k15,19,15,37954.0,52954.0
1110,X-n336-k84,19,99,206739.0,305739.0
1111,X-n344-k43,19,45,50319.0,95319.0
1112,X-n351-k40,19,43,33637.0,76637.0
1113,X-n359-k29,19,30,67736.0,97736.0
1114,X-n367-k17,19,19,30718.0,49718.0
1115,X-n376-k94,19,94,189108.0,283108.0
1116,X-n384-k52,19,56,88234.0,144234.0
1117,X-n393-k38,19,39,46202.0,85202.0
1118,X-n401-k29,19,30,77687.0,107687.0
1119,X-n101-k25,20,30,35545.0,65545.0
1120,X-n106-k14,20,14,30338.0,44338.0
1121,X-n110-k13,20,13,16477.0,29477.0
1122,X-n115-k10,20,11,16308.0,27308.0
1123,X-n120-k6,20,6,16355.0,22355.0
1124,X-n125-k30,20,36,71062.0,107062.0
1125,X-n129-k18,20,19,38081.0,57081.0
1126,X-n134-k13,20,14,15032.0,29032.0
1127,X-n139-k10,20,10,15679.0,25679.0
1128,X-n143-k7,20,7,19471.0,26471.0
1129,X-n148-k46,20,53,56789.0,109789.0
1130,X-n153-k22,20,29,29397.0,58397.0
1131,X-n157-k13,20,13,19297.0,32297.0
1132,X-n162-k11,20,11,15902.0,26902.0
1133,X-n167-k10,20,10,26252.0,36252.0
1134,X-n172-k51,20,63,60331.0,123331.0
1135,X-n176-k26,20,33,70924.0,103924.0
1136,X-n181-k23,20,23,29393.0,52393.0
1137,X-n186-k15,20,15,29674.0,44674.0
1138,X-n190-k8,20,8,19943.0,27943.0
1139,X-n195-k51,20,62,59656.0,121656.0
1140,X-n200-k36,20,39,69274.0,108274.0
1141,X-n204-k19,20,19,23814.0,42814.0
1142,X-n209-k16,20,16,37087.0,53087.0
1143,X-n214-k11,20,12,14166.0,26166.0
1144,X-n219-k73,20,73,145752.0,218752.0
1145,X-n223-k34,20,37,49734.0,86734.0
1146,X-n228-k23,20,28,34523.0,62523.0
1147,X-n233-k16,20,17,23716.0,40716.0
1148,X-n237-k14,20,14,33886.0,47886.0
1149,X-n242-k48,20,53,111207.0,164207.0
1150,X-n247-k50,20,65,53110.0,118110.0
1151,X-n251-k28,20,29,46926.0,75926.0
1152,X-n256-k16,20,17,22070.0,39070.0
1153,X-n261-k13,20,13,34443.0,47443.0
1154,X-n266-k58,20,64,106586.0,170586.0
1155,X-n270-k35,20,38,42006.0,80006.0
1156,X-n275-k28,20,28,25647.0,53647.0
1157,X-n280-k17,20,20,48608.0,68608.0
1158,X-n284-k15,20,15,26099.0,41099.0
1159,X-n289-k60,20,69,139535.0,208535.0
1160,X-n294-k50,20,55,58916.0,113916.0
1161,X-n298-k31,20,33,43807.0,76807.0
1162,X-n303-k21,20,21,25872.0,46872.0
1163,X-n308-k13,20,13,33661.0,46661.0
1164,X-n313-k71,20,82,118512.0,200512.0
1165,X-n317-k53,20,53,95968.0,148968.0
1166,X-n322-k28,20,29,36217.0,65217.0
1167,X-n327-k20,20,20,36535.0,56535.0
1168,X-n331-k15,20,15,37970.0,52970.0
1169,X-n336-k84,20,99,202606.0,301606.0
1170,X-n344-k43,20,45,50329.0,95329.0
1171,X-n351-k40,20,43,33637.0,76637.0
1172,X-n359-k29,20,30,67594.0,97594.0
1173,X-n367-k17,20,19,30936.0,49936.0
1174,X-n376-k94,20,94,191466.0,285466.0
1175,X-n384-k52,20,56,88506.0,144506.0
1176,X-n393-k38,20,39,46046.0,85046.0
1177,X-n401-k29,20,30,78436.0,108436.0
1178,X-n101-k25,21,30,35503.0,65503.0
1179,X-n106-k14,21,14,30338.0,44338.0
1180,X-n110-k13,21,13,16720.0,29720.0
1181,X-n115-k10,21,11,16438.0,27438.0
1182,X-n120-k6,21,6,16646.0,22646.0
1183,X-n125-k30,21,37,71329.0,108329.0
1184,X-n129-k18,21,19,37782.0,56782.0
1185,X-n134-k13,21,14,14931.0,28931.0
1186,X-n139-k10,21,10,16430.0,26430.0
1187,X-n143-k7,21,7,19442.0,26442.0
1188,X-n148-k46,21,54,56516.0,110516.0
1189,X-n153-k22,21,29,27916.0,56916.0
1190,X-n157-k13,21,13,18949.0,31949.0
1191,X-n162-k11,21,11,16229.0,27229.0
1192,X-n167-k10,21,10,26199.0,36199.0
1193,X-n172-k51,21,63,59883.0,122883.0
1194,X-n176-k26,21,33,69644.0,102644.0
1195,X-n181-k23,21,23,29458.0,52458.0
1196,X-n186-k15,21,15,29979.0,44979.0
1197,X-n190-k8,21,8,19953.0,27953.0
1198,X-n195-k51,21,62,59195.0,121195.0
1199,X-n200-k36,21,39,69527.0,108527.0
1200,X-n204-k19,21,19,23794.0,42794.0
1201,X-n209-k16,21,16,37205.0,53205.0
1202,X-n214-k11,21,12,14468.0,26468.0
1203,X-n219-k73,21,73,147031.0,220031.0
1204,X-n223-k34,21,36,48910.0,84910.0
1205,X-n228-k23,21,28,34121.0,62121.0
1206,X-n233-k16,21,17,23390.0,40390.0
1207,X-n237-k14,21,14,34659.0,48659.0
1208,X-n242-k48,21,53,113244.0,166244.0
1209,X-n247-k50,21,65,53579.0,118579.0
1210,X-n251-k28,21,29,46313.0,75313.0
1211,X-n256-k16,21,17,22129.0,39129.0
1212,X-n261-k13,21,13,32850.0,45850.0
1213,X-n266-k58,21,64,106530.0,170530.0
1214,X-n270-k35,21,38,42019.0,80019.0
1215,X-n275-k28,21,28,25589.0,53589.0
1216,X-n280-k17,21,20,49039.0,69039.0
1217,X-n284-k15,21,15,25141.0,40141.0
1218,X-n289-k60,21,69,139620.0,208620.0
1219,X-n294-k50,21,55,58866.0,113866.0
1220,X-n298-k31,21,33,43088.0,76088.0
1221,X-n303-k21,21,21,25856.0,46856.0
1222,X-n308-k13,21,13,33201.0,46201.0
1223,X-n313-k71,21,82,118663.0,200663.0
1224,X-n317-k53,21,53,96221.0,149221.0
1225,X-n322-k28,21,30,36480.0,66480.0
1226,X-n327-k20,21,20,36500.0,56500.0
1227,X-n331-k15,21,15,37248.0,52248.0
1228,X-n336-k84,21,98,205529.0,303529.0
1229,X-n344-k43,21,45,50329.0,95329.0
1230,X-n351-k40,21,43,33802.0,76802.0
1231,X-n359-k29,21,30,67744.0,97744.0
1232,X-n367-k17,21,18,30391.0,48391.0
1233,X-n376-k94,21,94,188930.0,282930.0
1234,X-n384-k52,21,56,88015.0,144015.0
1235,X-n393-k38,21,39,46218.0,85218.0
1236,X-n401-k29,21,30,77762.0,107762.0
1237,X-n101-k25,22,30,35155.0,65155.0
1238,X-n106-k14,22,14,30338.0,44338.0
1239,X-n110-k13,22,13,16477.0,29477.0
1240,X-n115-k10,22,11,16571.0,27571.0
1241,X-n120-k6,22,6,17519.0,23519.0
1242,X-n125-k30,22,37,71197.0,108197.0
1243,X-n129-k18,22,19,38651.0,57651.0
1244,X-n134-k13,22,14,15032.0,29032.0
1245,X-n139-k10,22,10,15679.0,25679.0
1246,X-n143-k7,22,7,19131.0,26131.0
1247,X-n148-k46,22,54,56516.0,110516.0
1248,X-n153-k22,22,29,27916.0,56916.0
1249,X-n157-k13,22,13,18949.0,31949.0
1250,X-n162-k11,22,11,15902.0,26902.0
1251,X-n167-k10,22,10,25126.0,35126.0
1252,X-n172-k51,22,63,59328.0,122328.0
1253,X-n176-k26,22,34,71187.0,105187.0
1254,X-n181-k23,22,23,29189.0,52189.0
1255,X-n186-k15,22,15,29261.0,44261.0
1256,X-n190-k8,22,8,19943.0,27943.0
1257,X-n195-k51,22,63,60303.0,123303.0
1258,X-n200-k36,22,39,69672.0,108672.0
1259,X-n204-k19,22,19,23805.0,42805.0
1260,X-n209-k16,22,16,37123.0,53123.0
1261,X-n214-k11,22,12,14457.0,26457.0
1262,X-n219-k73,22,73,145580.0,218580.0
1263,X-n223-k34,22,36,48875.0,84875.0
1264,X-n228-k23,22,28,34543.0,62543.0
1265,X-n233-k16,22,17,23843.0,40843.0
1266,X-n237-k14,22,14,33593.0,47593.0
1267,X-n242-k48,22,53,111049.0,164049.0
1268,X-n247-k50,22,65,53499.0,118499.0
1269,X-n251-k28,22,29,46633.0,75633.0
1270,X-n256-k16,22,17,22142.0,39142.0
1271,X-n261-k13,22,13,32850.0,45850.0
1272,X-n266-k58,22,60,126896.0,186896.0
1273,X-n270-k35,22,38,42019.0,80019.0
1274,X-n275-k28,22,28,25536.0,53536.0
1275,X-n280-k17,22,21,49942.0,70942.0
1276,X-n284-k15,22,15,25998.0,40998.0
1277,X-n289-k60,22,69,139535.0,208535.0
1278,X-n294-k50,22,56,59479.0,115479.0
1279,X-n298-k31,22,33,43096.0,76096.0
1280,X-n303-k21,22,21,25990.0,46990.0
1281,X-n308-k13,22,13,33664.0,46664.0
1282,X-n313-k71,22,82,118750.0,200750.0
1283,X-n317-k53,22,53,95968.0,148968.0
1284,X-n322-k28,22,29,36198.0,65198.0
1285,X-n327-k20,22,20,36152.0,56152.0
1286,X-n331-k15,22,15,39358.0,54358.0
1287,X-n336-k84,22,98,205824.0,303824.0
1288,X-n344-k43,22,45,50284.0,95284.0
1289,X-n351-k40,22,43,33802.0,76802.0
1290,X-n359-k29,22,30,67514.0,97514.0
1291,X-n367-k17,22,19,30775.0,49775.0
1292,X-n376-k94,22,94,188819.0,282819.0
1293,X-n384-k52,22,56,88647.0,144647.0
1294,X-n393-k38,22,39,46509.0,85509.0
1295,X-n401-k29,22,30,77266.0,107266.0
1296,X-n101-k25,23,30,35413.0,65413.0
1297,X-n106-k14,23,14,30338.0,44338.0
1298,X-n110-k13,23,13,16748.0,29748.0
1299,X-n115-k10,23,11,16687.0,27687.0
1300,X-n120-k6,23,6,16355.0,22355.0
1301,X-n125-k30,23,36,69670.0,105670.0
1302,X-n129-k18,23,19,37782.0,56782.0
1303,X-n134-k13,23,14,15032.0,29032.0
1304,X-n139-k10,23,10,15669.0,25669.0
1305,X-n143-k7,23,7,20643.0,27643.0
1306,X-n148-k46,23,54,56693.0,110693.0
1307,X-n153-k22,23,29,28870.0,57870.0
1308,X-n157-k13,23,13,18949.0,31949.0
1309,X-n162-k11,23,11,16495.0,27495.0
1310,X-n167-k10,23,10,26413.0,36413.0
1311,X-n172-k51,23,63,59726.0,122726.0
1312,X-n176-k26,23,33,69847.0,102847.0
1313,X-n181-k23,23,23,29539.0,52539.0
1314,X-n186-k15,23,15,29894.0,44894.0
1315,X-n190-k8,23,8,19618.0,27618.0
1316,X-n195-k51,23,63,60402.0,123402.0
1317,X-n200-k36,23,39,69654.0,108654.0
1318,X-n204-k19,23,19,23814.0,42814.0
1319,X-n209-k16,23,16,38256.0,54256.0
1320,X-n214-k11,23,12,14358.0,26358.0
1321,X-n219-k73,23,73,146286.0,219286.0
1322,X-n223-k34,23,36,48878.0,84878.0
1323,X-n228-k23,23,28,34523.0,62523.0
1324,X-n233-k16,23,17,23513.0,40513.0
1325,X-n237-k14,23,14,34189.0,48189.0
1326,X-n242-k48,23,53,111207.0,164207.0
1327,X-n247-k50,23,65,53106.0,118106.0
1328,X-n251-k28,23,29,46912.0,75912.0
1329,X-n256-k16,23,17,23196.0,40196.0
1330,X-n261-k13,23,13,34416.0,47416.0
1331,X-n266-k58,23,64,107119.0,171119.0
1332,X-n270-k35,23,38,42134.0,80134.0
1333,X-n275-k28,23,28,25632.0,53632.0
1334,X-n280-k17,23,21,49942.0,70942.0
1335,X-n284-k15,23,15,26121.0,41121.0
1336,X-n289-k60,23,69,140438.0,209438.0
1337,X-n294-k50,23,55,58876.0,113876.0
1338,X-n298-k31,23,33,43088.0,76088.0
1339,X-n303-k21,23,21,25862.0,46862.0
1340,X-n308-k13,23,13,33161.0,46161.0
1341,X-n313-k71,23,82,118576.0,200576.0
1342,X-n317-k53,23,53,95163.0,148163.0
1343,X-n322-k28,23,29,36038.0,65038.0
1344,X-n327-k20,23,20,36527.0,56527.0
1345,X-n331-k15,23,15,37309.0,52309.0
1346,X-n336-k84,23,99,205799.0,304799.0
1347,X-n344-k43,23,45,50329.0,95329.0
1348,X-n351-k40,23,43,33795.0,76795.0
1349,X-n359-k29,23,30,67496.0,97496.0
1350,X-n367-k17,23,18,30358.0,48358.0
1351,X-n376-k94,23,94,189108.0,283108.0
1352,X-n384-k52,23,56,87979.0,143979.0
1353,X-n393-k38,23,39,46087.0,85087.0
1354,X-n401-k29,23,30,77760.0,107760.0
1355,X-n101-k25,24,31,35808.0,66808.0
1356,X-n106-k14,24,14,30338.0,44338.0
1357,X-n110-k13,24,13,17290.0,30290.0
1358,X-n115-k10,24,11,16438.0,27438.0
1359,X-n120-k6,24,6,15678.0,21678.0
1360,X-n125-k30,24,37,71215.0,108215.0
1361,X-n129-k18,24,19,37620.0,56620.0
1362,X-n134-k13,24,14,14944.0,28944.0
1363,X-n139-k10,24,10,15669.0,25669.0
1364,X-n143-k7,24,7,19315.0,26315.0
1365,X-n148-k46,24,54,55790.0,109790.0
1366,X-n153-k22,24,29,28151.0,57151.0
1367,X-n157-k13,24,13,18949.0,31949.0
1368,X-n162-k11,24,11,15858.0,26858.0
1369,X-n167-k10,24,10,26198.0,36198.0
1370,X-n172-k51,24,63,60379.0,123379.0
1371,X-n176-k26,24,33,69852.0,102852.0
1372,X-n181-k23,24,23,29539.0,52539.0
1373,X-n186-k15,24,15,29261.0,44261.0
1374,X-n190-k8,24,8,20340.0,28340.0
1375,X-n195-k51,24,62,59598.0,121598.0
1376,X-n200-k36,24,39,68658.0,107658.0
1377,X-n204-k19,24,19,23805.0,42805.0
1378,X-n209-k16,24,16,37353.0,53353.0
1379,X-n214-k11,24,12,14242.0,26242.0
1380,X-n219-k73,24,73,145579.0,218579.0
1381,X-n223-k34,24,36,48859.0,84859.0
1382,X-n228-k23,24,29,34763.0,63763.0
1383,X-n233-k16,24,17,23550.0,40550.0
1384,X-n237-k14,24,14,34533.0,48533.0
1385,X-n242-k48,24,53,112154.0,165154.0
1386,X-n247-k50,24,65,53579.0,118579.0
1387,X-n251-k28,24,29,47241.0,76241.0
1388,X-n256-k16,24,17,22345.0,39345.0
1389,X-n261-k13,24,13,33004.0,46004.0
1390,X-n266-k58,24,64,106054.0,170054.0
1391,X-n270-k35,24,38,41804.0,79804.0
1392,X-n275-k28,24,28,25647.0,53647.0
1393,X-n280-k17,24,20,49061.0,69061.0
1394,X-n284-k15,24,15,25136.0,40136.0
1395,X-n289-k60,24,69,139526.0,208526.0
1396,X-n294-k50,24,55,59022.0,114022.0
1397,X-n298-k31,24,33,43092.0,76092.0
1398,X-n303-k21,24,21,25909.0,46909.0
1399,X-n308-k13,24,13,33161.0,46161.0
1400,X-n313-k71,24,82,118750.0,200750.0
1401,X-n317-k53,24,53,95189.0,148189.0
1402,X-n322-k28,24,29,35821.0,64821.0
1403,X-n327-k20,24,20,36222.0,56222.0
1404,X-n331-k15,24,15,37268.0,52268.0
1405,X-n336-k84,24,99,201412.0,300412.0
1406,X-n344-k43,24,46,50809.0,96809.0
1407,X-n351-k40,24,42,33726.0,75726.0
1408,X-n359-k29,24,30,67594.0,97594.0
1409,X-n367-k17,24,19,29654.0,48654.0
1410,X-n376-k94,24,94,190693.0,284693.0
1411,X-n384-k52,24,56,87266.0,143266.0
1412,X-n393-k38,24,39,46542.0,85542.0
1413,X-n401-k29,24,30,77688.0,107688.0
1414,X-n101-k25,25,30,35545.0,65545.0
1415,X-n106-k14,25,14,30338.0,44338.0
1416,X-n110-k13,25,13,16748.0,29748.0
1417,X-n115-k10,25,11,16715.0,27715.0
1418,X-n120-k6,25,6,17963.0,23963.0
1419,X-n125-k30,25,37,70524.0,107524.0
1420,X-n129-k18,25,19,38631.0,57631.0
1421,X-n134-k13,25,14,14380.0,28380.0
1422,X-n139-k10,25,10,15669.0,25669.0
1423,X-n143-k7,25,7,19315.0,26315.0
1424,X-n148-k46,25,54,56693.0,110693.0
1425,X-n153-k22,25,29,29396.0,58396.0
1426,X-n157-k13,25,13,18949.0,31949.0
1427,X-n162-k11,25,11,15858.0,26858.0
1428,X-n167-k10,25,10,26779.0,36779.0
1429,X-n172-k51,25,64,60377.0,124377.0
1430,X-n176-k26,25,33,69694.0,102694.0
1431,X-n181-k23,25,23,29886.0,52886.0
1432,X-n186-k15,25,15,29979.0,44979.0
1433,X-n190-k8,25,8,20184.0,28184.0
1434,X-n195-k51,25,62,59197.0,121197.0
1435,X-n200-k36,25,39,69501.0,108501.0
1436,X-n204-k19,25,19,23805.0,42805.0
1437,X-n209-k16,25,16,37605.0,53605.0
1438,X-n214-k11,25,12,14362.0,26362.0
1439,X-n219-k73,25,73,145579.0,218579.0
1440,X-n223-k34,25,36,48859.0,84859.0
1441,X-n228-k23,25,28,34481.0,62481.0
1442,X-n233-k16,25,17,23513.0,40513.0
1443,X-n237-k14,25,14,33967.0,47967.0
1444,X-n242-k48,25,53,111800.0,164800.0
1445,X-n247-k50,25,65,53060.0,118060.0
1446,X-n251-k28,25,29,47192.0,76192.0
1447,X-n256-k16,25,17,22145.0,39145.0
1448,X-n261-k13,25,13,34512.0,47512.0
1449,X-n266-k58,25,64,107323.0,171323.0
1450,X-n270-k35,25,38,41968.0,79968.0
1451,X-n275-k28,25,28,25601.0,53601.0
1452,X-n280-k17,25,20,48983.0,68983.0
1453,X-n284-k15,25,15,25571.0,40571.0
1454,X-n289-k60,25,70,139357.0,209357.0
1455,X-n294-k50,25,55,59046.0,114046.0
1456,X-n298-k31,25,33,43301.0,76301.0
1457,X-n303-k21,25,21,25856.0,46856.0
1458,X-n308-k13,25,13,33234.0,46234.0
1459,X-n313-k71,25,82,118534.0,200534.0
1460,X-n317-k53,25,53,96173.0,149173.0
1461,X-n322-k28,25,29,36089.0,65089.0
1462,X-n327-k20,25,20,35701.0,55701.0
1463,X-n331-k15,25,15,37762.0,52762.0
1464,X-n336-k84,25,99,204887.0,303887.0
1465,X-n344-k43,25,45,49949.0,94949.0
1466,X-n351-k40,25,43,33832.0,76832.0
1467,X-n359-k29,25,30,67619.0,97619.0
1468,X-n367-k17,25,18,30336.0,48336.0
1469,X-n376-k94,25,94,188860.0,282860.0
1470,X-n384-k52,25,56,87799.0,143799.0
1471,X-n393-k38,25,39,46542.0,85542.0
1472,X-n401-k29,25,30,77750.0,107750.0
